,epsilon,error,runtime
0,0.1,0.3374014888776667,2.9970901012420654
