,epsilon,error,runtime,Unnamed: 0
0,0.1,0.36719644729021655,3.5601441860198975,
0,0.1,0.36719644729021655,3.5411293506622314,0.0
