,epsilon,error,runtime,Unnamed: 0
0,0.1,0.36719644729021655,3.5640952587127686,
0,0.1,0.36719644729021655,3.5654006004333496,0.0
