,epsilon,error,runtime,Unnamed: 0
0,0.1,0.13806556020030844,0.42712831497192383,
0,0.1,0.13806556020030844,0.4288969039916992,0.0
