,epsilon,error,runtime
0,0.1,0.36932806647256883,0.9866702556610107
