,epsilon,error,runtime,Unnamed: 0
0,0.1,0.9782708148993602,3.9549612998962402,
0,0.1,0.9782708148993602,3.975110530853272,0.0
