,epsilon,error,runtime,Unnamed: 0
0,0.1,0.16892191930662703,0.7323296070098877,
0,0.1,0.16892191930662706,0.7353193759918213,0.0
