,epsilon,error,runtime
0,0.1,0.5625546343775196,2.111656665802002
