,epsilon,error,runtime
0,0.1,0.36719644729021655,3.5596470832824707
