,epsilon,error,runtime
0,0.1,0.16892191930662703,0.7353193759918213
