,epsilon,error,runtime,Unnamed: 0
0,0.1,0.3374014888776667,3.0098206996917725,
0,0.1,0.3374014888776667,2.997090101242065,0.0
