,epsilon,error,runtime,Unnamed: 0
0,0.1,0.36719644729021655,3.5541205406188965,
0,0.1,0.36719644729021655,3.5596470832824707,0.0
