,epsilon,error,runtime
0,0.1,0.2388135115293721,1.4265198707580566
