,epsilon,error,runtime
0,0.1,0.13806556020030844,0.4288969039916992
