,epsilon,error,runtime
0,0.1,0.9782708148993602,3.9751105308532715
