,epsilon,error,runtime,Unnamed: 0
0,0.1,0.5625546343775196,2.100780725479126,
0,0.1,0.5625546343775196,2.111656665802002,0.0
