,epsilon,error,runtime,Unnamed: 0
0,0.1,1.2654499288577494,10.918199300765991,
0,0.1,1.2654499288577494,10.972845315933228,0.0
