,epsilon,error,runtime,Unnamed: 0
0,0.1,2.706320585394209,46.62063026428223,
0,0.1,2.706320585394209,46.51312685012818,0.0
