,epsilon,error,runtime
0,0.1,0.7852849823958826,6.145117998123169
