,epsilon,error,runtime,Unnamed: 0
0,0.1,0.7760521912290429,12.466567039489746,
0,0.1,0.7760521912290429,12.316708326339722,0.0
