,epsilon,error,runtime
0,0.1,0.5487517617761433,8.098219871520996
