,epsilon,error,runtime
0,0.1,0.35928815317191587,1.278243064880371
