,epsilon,error,runtime,Unnamed: 0
0,0.1,0.35928815317191587,1.285691738128662,
0,0.1,0.3592881531719159,1.2782430648803709,0.0
