,epsilon,error,runtime
0,0.1,1.2654499288577494,10.972845315933228
