,epsilon,error,runtime
0,0.1,0.24259981199152703,4.8165504932403564
