,epsilon,error,runtime
0,0.1,0.5552762080404254,3.2769999504089355
