,epsilon,error,runtime,Unnamed: 0
0,0.1,1.7896550849523312,22.26764702796936,
0,0.1,1.7896550849523312,22.229410886764526,0.0
