,epsilon,error,runtime,Unnamed: 0
0,0.1,0.34308796020621724,5.9766786098480225,
0,0.1,0.34308796020621724,6.026124954223633,0.0
