,epsilon,error,runtime
0,0.1,0.15742251415859176,4.2652528285980225
