,epsilon,error,runtime,Unnamed: 0
0,0.1,0.5487517617761433,8.159907341003418,
0,0.1,0.5487517617761433,8.098219871520996,0.0
