,epsilon,error,runtime
0,0.1,1.097503507409789,20.961609601974487
