,epsilon,error,runtime,Unnamed: 0
0,0.1,0.7852849823958826,6.14382266998291,
0,0.1,0.7852849823958826,6.145117998123169,0.0
