,epsilon,error,runtime
0,0.1,2.706320585394209,46.513126850128174
