,epsilon,error,runtime,Unnamed: 0
0,0.1,0.15742251415859176,4.356171131134033,
0,0.1,0.15742251415859174,4.265252828598023,0.0
