,epsilon,error,runtime
0,0.1,0.7760521912290429,12.316708326339722
