,epsilon,error,runtime
0,0.1,0.34308796020621724,6.026124954223633
