,epsilon,error,runtime,Unnamed: 0
0,0.1,1.097503507409789,20.943646669387817,
0,0.1,1.0975035074097892,20.961609601974487,0.0
