,epsilon,error,runtime
0,0.1,1.7896550849523312,22.229410886764526
